<?xml version="1.0" encoding="UTF-8"?>
<Configuration status="WARN" monitorInterval="30">
    <Properties>
        <Property name="LOG_PATTERN">
            %d{yyyy-MM-dd HH:mm:ss.SSS} %5p ${hostName} --- [%15.15t] %-40.40c{1.} : %m%n%ex
        </Property>
    </Properties>
    <Appenders>
        <Console name="ConsoleAppender" target="SYSTEM_OUT" follow="true">
            <PatternLayout pattern="${LOG_PATTERN}"/>
        </Console>

        <!-- Rolling File Appender for local -->
        <RollingFile name="FileAppender" fileName="C:\Users\Acer\Documents\logs/ePharmacyboot/ePharmacyboot-log.log"
                     filePattern="C:\Users\Acer\Documents\logs/ePharmacyboot/ePharmacyboot-log-%d{yyyyMMdd}.log">
            <PatternLayout>
                <Pattern>${LOG_PATTERN}</Pattern>
            </PatternLayout>
            <Policies>
                <!--                <SizeBasedTriggeringPolicy size="20MB" />-->
                <TimeBasedTriggeringPolicy interval="1" modulate="true"/>
            </Policies>
            <DefaultRolloverStrategy max="10"/>
        </RollingFile>


    </Appenders>
    <Loggers>
        <Logger name="az.mushfigm.epharmacyboot.*" level="debug" additivity="false">
            <AppenderRef ref="ConsoleAppender"/>
            <AppenderRef ref="FileAppender"/>
        </Logger>

        <Root level="info">
            <AppenderRef ref="ConsoleAppender"/>
            <AppenderRef ref="FileAppender"/>
        </Root>
    </Loggers>
</Configuration>